INSERT INTO `dbshop_single_article` (`single_article_id`, `single_article_writer`, `single_article_add_time`, `article_tag`, `template_tag`) VALUES
(1, '', '1549469993', 'index_floor_1_title', 'dbmall'),
(2, '', '1549475083', 'index_floor_2_title', 'dbmall'),
(3, '', '1549469927', 'index_floor_3_title', 'dbmall'),
(4, '', '1549469952', 'index_floor_4_title', 'dbmall'),
(5, '', '1549475680', 'index_service', 'dbmall'),
(6, '', '1549475691', 'index_service', 'dbmall'),
(7, '', '1549475712', 'index_pay', 'dbmall'),
(8, '', '1549475722', 'index_pay', 'dbmall'),
(9, '', '1549475761', 'index_about', 'dbmall'),
(10, '', '1549475816', 'index_about', 'dbmall'),
(11, '', '1549475848', 'index_customer', 'dbmall'),
(12, '', '1549475857', 'index_customer', 'dbmall'),
(13, '', '1549475879', 'index_help', 'dbmall'),
(14, '', '1549475890', 'index_help', 'dbmall'),
(15, '', '1549476004', 'index_tel', 'dbmall'),
(16, '', '1549476052', 'index_chengnuo', 'dbmall'),
(17, '', '1549476076', 'index_chengnuo', 'dbmall'),
(18, '', '1549476094', 'index_chengnuo', 'dbmall'),
(19, '', '1549476111', 'index_chengnuo', 'dbmall'),
(20, '', '1549476127', 'index_chengnuo', 'dbmall');

INSERT INTO `dbshop_single_article_extend` (`single_article_id`, `single_article_title`, `single_article_body`, `single_article_title_extend`, `single_article_keywords`, `single_article_description`, `language`) VALUES
(1, '1F标题', '<p>特价商品</p>', '', '热销,商品', '热销,商品', 'zh_CN'),
(2, '2f标题', '<p>精品促销</p>', '', '时尚,数码', '时尚,数码', 'zh_CN'),
(3, '3f标题', '<p>时尚潮流</p>', '', '时尚潮流', '时尚潮流', 'zh_CN'),
(4, '4f标题', '<p>热门推荐</p>', '', '热门,推荐', '热门,推荐', 'zh_CN'),
(5, '联系我们', '<p></p>', '', '', '', 'zh_CN'),
(6, '退换服务', NULL, '', '', '', 'zh_CN'),
(7, '在线支付', NULL, '', '', '', 'zh_CN'),
(8, '线下支付', NULL, '', '', '', 'zh_CN'),
(9, '关于我们', NULL, '', '', '', 'zh_CN'),
(10, '网站介绍', NULL, '', '', '', 'zh_CN'),
(11, '联系客服', NULL, '', '', '', 'zh_CN'),
(12, '服务说明', NULL, '', '', '', 'zh_CN'),
(13, '如何购买', NULL, '', '', '', 'zh_CN'),
(14, '如何收货', NULL, '', '', '', 'zh_CN'),
(15, '底部电话', '<p><span style="font-size: 20px;"><strong>400-800-xxxx</strong></span></p><p>周一至周五 9:00-18:00<br/></p>', '', '400-800-xxxx,周一,周五,00-18', '400-800-xxxx,周一,周五,00-18', 'zh_CN'),
(16, '一小时快速响应', NULL, '', '', '', 'zh_CN'),
(17, '7天无理由退货', NULL, '', '', '', 'zh_CN'),
(18, '15天免费换货', NULL, '', '', '', 'zh_CN'),
(19, '满100包邮', NULL, '', '', '', 'zh_CN'),
(20, '售后服务', NULL, '', '', '', 'zh_CN');

INSERT INTO `dbshop_goods_class` (`class_id`, `class_top_id`, `class_name`, `class_path`, `class_state`, `class_info`, `class_sort`, `class_title_extend`, `class_keywords`, `class_description`, `class_icon`, `class_image`, `navigation_show`) VALUES
(1, 0, '家用电器', '1', 1, '', 1, '', '', '', NULL, NULL, NULL),
(2, 0, '手机数码', '2', 1, '', 2, '', '', '', NULL, NULL, NULL),
(3, 0, '家居家具', '3', 1, '', 4, '', '', '', NULL, NULL, NULL),
(4, 0, '母婴用品', '4', 1, '', 3, '', '', '', NULL, NULL, NULL),
(6, 1, '电视', '1,6', 1, '', 255, '', '', '', NULL, NULL, NULL),
(7, 1, '空调', '1,7', 1, '', 255, '', '', '', NULL, NULL, NULL),
(8, 1, '洗衣机', '1,8', 1, '', 255, '', '', '', NULL, NULL, NULL),
(14, 2, '手机通讯', '2,14', 1, '', 255, '', '', '', NULL, NULL, NULL),
(15, 2, '摄影摄像', '2,15', 1, '', 255, '', '', '', NULL, NULL, NULL),
(16, 2, '数码配件', '2,16', 1, '', 255, '', '', '', NULL, NULL, NULL),
(17, 2, '智能设备', '2,17', 1, '', 255, '', '', '', NULL, NULL, NULL),
(18, 3, '厨具', '3,18', 1, '', 255, '', '', '', NULL, NULL, NULL),
(19, 3, '家纺', '3,19', 1, '', 255, '', '', '', NULL, NULL, NULL),
(20, 3, '灯具', '3,20', 1, '', 255, '', '', '', NULL, NULL, NULL),
(21, 3, '家具', '3,21', 1, '', 255, '', '', '', NULL, NULL, NULL),
(22, 4, '营养辅食', '4,22', 1, '', 255, '', '', '', NULL, NULL, NULL),
(23, 4, '尿裤湿巾', '4,23', 1, '', 255, '', '', '', NULL, NULL, NULL),
(24, 4, '喂养用品', '4,24', 1, '', 255, '', '', '', NULL, NULL, NULL),
(25, 4, '洗护用品', '4,25', 1, '', 255, '', '', '', NULL, NULL, NULL),
(26, 3, '厨房卫浴', '3,26', 1, '', 255, '', '', '', NULL, NULL, NULL),
(27, 3, '五金电工', '3,27', 1, '', 255, '', '', '', NULL, NULL, NULL),
(29, 0, '图书文娱', '29', 1, '', 255, '', '', '', NULL, NULL, NULL),
(30, 1, '电冰箱', '1,30', 1, '', 255, '', '', '', NULL, NULL, NULL);

INSERT INTO `dbshop_goods` (`goods_id`, `goods_item`, `brand_id`, `attribute_group_id`, `goods_state`, `goods_weight`, `goods_type`, `virtual_goods_add_state`, `goods_start_time`, `goods_end_time`, `goods_price`, `goods_shop_price`, `goods_preferential_price`, `goods_preferential_start_time`, `goods_preferential_end_time`, `goods_integral_num`, `goods_stock`, `goods_out_of_stock_set`, `goods_cart_buy_max_num`, `goods_cart_buy_min_num`, `goods_stock_state`, `goods_stock_state_open`, `goods_out_stock_state`, `goods_add_time`, `goods_sort`, `goods_tag_str`, `goods_click`, `goods_class_have_true`, `virtual_sales`, `goods_spec_type`, `adv_spec_group_id`, `main_class_id`, `virtual_email_send`, `virtual_phone_send`) VALUES
(1, 'DBS000001', 0, 0, 1, '0', 1, 0, '', '', '0', '2199', '0', '', '', 0, 10, 0, 0, 0, 1, 1, 2, '1549472239', 255, ',5,6,7,8,', 1, 1, 0, 1, '', 6, 2, 2),
(2, 'DBS000002', 0, 0, 1, '0', 1, 0, '', '', '0', '5199', '0', '', '', 0, 10, 0, 0, 0, 1, 1, 2, '1549472422', 255, ',5,6,7,8,', 0, 1, 0, 1, '', 6, 2, 2),
(3, 'DBS000003', 0, 0, 1, '0', 1, 0, '', '', '0', '6158', '0', '', '', 0, 10, 0, 0, 0, 1, 1, 2, '1549472735', 255, ',5,6,7,8,', 0, 1, 0, 1, '', 14, 2, 2),
(4, 'DBS000004', 0, 0, 1, '0', 1, 0, '', '', '0', '119', '0', '', '', 0, 10, 0, 0, 0, 1, 1, 2, '1549473628', 255, ',5,6,7,8,', 0, 1, 0, 1, '', 19, 2, 2),
(5, 'DBS000005', 0, 0, 1, '0', 1, 0, '', '', '0', '5799', '0', '', '', 0, 10, 0, 0, 0, 1, 1, 2, '1549473912', 255, ',5,6,7,8,', 0, 1, 0, 1, '', 18, 2, 2),
(6, 'DBS000006', 0, 0, 1, '0', 1, 0, '', '', '4000', '3099', '0', '', '', 0, 10, 0, 0, 0, 1, 1, 2, '1549474546', 255, ',5,6,7,8,', 2, 1, 0, 1, '', 30, 2, 2),
(7, 'DBS000007', 0, 0, 1, '0', 1, 0, '', '', '0', '5399', '0', '', '', 0, 10, 0, 0, 0, 1, 1, 2, '1549474234', 255, ',5,6,7,8,', 1, 1, 0, 1, '', 8, 2, 2),
(8, 'DBS000008', 0, 0, 1, '0', 1, 0, '', '', '0', '3558', '0', '', '', 0, 10, 0, 0, 0, 1, 1, 2, '1549474397', 255, ',5,6,7,8,', 0, 1, 0, 1, '', 14, 2, 2);

INSERT INTO `dbshop_goods_extend` (`goods_id`, `goods_name`, `goods_info`, `goods_body`, `goods_image_id`, `goods_extend_name`, `goods_keywords`, `goods_description`, `language`) VALUES
(1, '小米（MI）电视4A标准版 L55M5-AZ/L55M5-AD 55英寸', '', NULL, 2, 'K超高清 HDR 人工智能液晶网络平板电视', '', '', 'zh_CN'),
(2, '索尼(SONY)KD-55X8000E 55英寸 4K超高清', '', NULL, 6, '智能安卓7.0 享受视觉盛宴 醇音技术', '', '', 'zh_CN'),
(3, '苹果(Apple) iPhone X 64GB 深空灰色 移动联通电信全网通4G手机', '', NULL, 8, '5.8英寸全面屏，无线充电，面容ID识别', '', '', 'zh_CN'),
(4, '南极人(NanJiren)家纺 简约全棉四件套床上用品纯棉斜纹双人被套床单式4件套', '', NULL, 12, '高支高密 / 贴身舒适 / 经久耐用—南极人正品', '', '', 'zh_CN'),
(5, '方太（FOTILE）20立方风魔方 侧吸式触控式手感智控抽吸油烟机燃气灶烟灶套餐JQD2T+HC8BE', '', NULL, 14, '方太幸福春节购，到手仅需5799！', '', '', 'zh_CN'),
(6, '美的（Midea）BCD-525WKPZM(E) 星际银 525升对开门电冰箱', '', NULL, 17, '双变频风冷 APP智能操控 轻薄机身', '', '', 'zh_CN'),
(7, '西门子（SIEMENS） XQG100-WM14U561HW 10公斤 变频 一键智能除渍', '', NULL, 19, '家居互联远程操控，特渍洗程序，256种水位调节，90℃高温筒清洁，LED全触控界面', '', '', 'zh_CN'),
(8, '小米Mix3 全网通版 8GB+128GB 黑色 磁动力滑盖全面屏', '', NULL, 22, '磁动力滑盖全面屏，前置双摄', '', '', 'zh_CN');

INSERT INTO `dbshop_goods_image` (`goods_image_id`, `goods_id`, `goods_title_image`, `goods_thumbnail_image`, `goods_watermark_image`, `goods_source_image`, `image_sort`, `image_slide`, `editor_session_str`, `language`) VALUES
(1, 1, '/public/demo/goods/20190207/205975beb56ba9d3bf6f55d2a72e1a99.jpg', '/public/demo/goods/20190207/thumb_205975beb56ba9d3bf6f55d2a72e1a99.jpg', '/public/demo/goods/20190207/205975beb56ba9d3bf6f55d2a72e1a99.jpg', '/public/demo/goods/20190207/205975beb56ba9d3bf6f55d2a72e1a99.jpg', 255, 1, NULL, 'zh_CN'),
(2, 1, '/public/demo/goods/20190207/2094d0cd98ddee55b1a5696434f43483.jpg', '/public/demo/goods/20190207/thumb_2094d0cd98ddee55b1a5696434f43483.jpg', '/public/demo/goods/20190207/2094d0cd98ddee55b1a5696434f43483.jpg', '/public/demo/goods/20190207/2094d0cd98ddee55b1a5696434f43483.jpg', 255, 1, NULL, 'zh_CN'),
(3, 1, '/public/demo/goods/20190207/628c5af1b375828c485aad4f01fe9524.jpg', '/public/demo/goods/20190207/thumb_628c5af1b375828c485aad4f01fe9524.jpg', '/public/demo/goods/20190207/628c5af1b375828c485aad4f01fe9524.jpg', '/public/demo/goods/20190207/628c5af1b375828c485aad4f01fe9524.jpg', 255, 1, NULL, 'zh_CN'),
(4, 1, '/public/demo/goods/20190207/929f5fa1841a169ca21687a41f8a09c4.jpg', '/public/demo/goods/20190207/thumb_929f5fa1841a169ca21687a41f8a09c4.jpg', '/public/demo/goods/20190207/929f5fa1841a169ca21687a41f8a09c4.jpg', '/public/demo/goods/20190207/929f5fa1841a169ca21687a41f8a09c4.jpg', 255, 1, NULL, 'zh_CN'),
(5, 2, '/public/demo/goods/20190207/ca2f79d7a5411624ac1db73b1d879690.jpg', '/public/demo/goods/20190207/thumb_ca2f79d7a5411624ac1db73b1d879690.jpg', '/public/demo/goods/20190207/ca2f79d7a5411624ac1db73b1d879690.jpg', '/public/demo/goods/20190207/ca2f79d7a5411624ac1db73b1d879690.jpg', 255, 1, NULL, 'zh_CN'),
(6, 2, '/public/demo/goods/20190207/c534950c4a79ea20293e483fd4ed4aff.jpg', '/public/demo/goods/20190207/thumb_c534950c4a79ea20293e483fd4ed4aff.jpg', '/public/demo/goods/20190207/c534950c4a79ea20293e483fd4ed4aff.jpg', '/public/demo/goods/20190207/c534950c4a79ea20293e483fd4ed4aff.jpg', 255, 1, NULL, 'zh_CN'),
(7, 2, '/public/demo/goods/20190207/cccb1e61af8217a4a3ba123772be3362.jpg', '/public/demo/goods/20190207/thumb_cccb1e61af8217a4a3ba123772be3362.jpg', '/public/demo/goods/20190207/cccb1e61af8217a4a3ba123772be3362.jpg', '/public/demo/goods/20190207/cccb1e61af8217a4a3ba123772be3362.jpg', 255, 1, NULL, 'zh_CN'),
(8, 3, '/public/demo/goods/20190207/8fa36ef874fa22000315de160e44b02e.jpg', '/public/demo/goods/20190207/thumb_8fa36ef874fa22000315de160e44b02e.jpg', '/public/demo/goods/20190207/8fa36ef874fa22000315de160e44b02e.jpg', '/public/demo/goods/20190207/8fa36ef874fa22000315de160e44b02e.jpg', 255, 1, NULL, 'zh_CN'),
(9, 3, '/public/demo/goods/20190207/b4fe9d54e6ce250c1a0519f16c71cc24.jpg', '/public/demo/goods/20190207/thumb_b4fe9d54e6ce250c1a0519f16c71cc24.jpg', '/public/demo/goods/20190207/b4fe9d54e6ce250c1a0519f16c71cc24.jpg', '/public/demo/goods/20190207/b4fe9d54e6ce250c1a0519f16c71cc24.jpg', 255, 1, NULL, 'zh_CN'),
(10, 3, '/public/demo/goods/20190207/17a1e58a73d3d31b3bfa237cacc08fc6.jpg', '/public/demo/goods/20190207/thumb_17a1e58a73d3d31b3bfa237cacc08fc6.jpg', '/public/demo/goods/20190207/17a1e58a73d3d31b3bfa237cacc08fc6.jpg', '/public/demo/goods/20190207/17a1e58a73d3d31b3bfa237cacc08fc6.jpg', 255, 1, NULL, 'zh_CN'),
(11, 4, '/public/demo/goods/20190207/5d0debacf0fec409a2ac0c544a9b4d01.jpg', '/public/demo/goods/20190207/thumb_5d0debacf0fec409a2ac0c544a9b4d01.jpg', '/public/demo/goods/20190207/5d0debacf0fec409a2ac0c544a9b4d01.jpg', '/public/demo/goods/20190207/5d0debacf0fec409a2ac0c544a9b4d01.jpg', 255, 1, NULL, 'zh_CN'),
(12, 4, '/public/demo/goods/20190207/ff468a75401a5ea18a89604aa85ddbce.jpg', '/public/demo/goods/20190207/thumb_ff468a75401a5ea18a89604aa85ddbce.jpg', '/public/demo/goods/20190207/ff468a75401a5ea18a89604aa85ddbce.jpg', '/public/demo/goods/20190207/ff468a75401a5ea18a89604aa85ddbce.jpg', 255, 1, NULL, 'zh_CN'),
(13, 4, '/public/demo/goods/20190207/2a4a0e3add89d3ee51e35286ba7a0203.jpg', '/public/demo/goods/20190207/thumb_2a4a0e3add89d3ee51e35286ba7a0203.jpg', '/public/demo/goods/20190207/2a4a0e3add89d3ee51e35286ba7a0203.jpg', '/public/demo/goods/20190207/2a4a0e3add89d3ee51e35286ba7a0203.jpg', 255, 1, NULL, 'zh_CN'),
(14, 5, '/public/demo/goods/20190207/b5c225bed8f0dc249315c09151208541.jpg', '/public/demo/goods/20190207/thumb_b5c225bed8f0dc249315c09151208541.jpg', '/public/demo/goods/20190207/b5c225bed8f0dc249315c09151208541.jpg', '/public/demo/goods/20190207/b5c225bed8f0dc249315c09151208541.jpg', 255, 1, NULL, 'zh_CN'),
(15, 5, '/public/demo/goods/20190207/1ae4af6169af3a36c57c81dba9151fe4.png', '/public/demo/goods/20190207/thumb_1ae4af6169af3a36c57c81dba9151fe4.png', '/public/demo/goods/20190207/1ae4af6169af3a36c57c81dba9151fe4.png', '/public/demo/goods/20190207/1ae4af6169af3a36c57c81dba9151fe4.png', 255, 1, NULL, 'zh_CN'),
(16, 6, '/public/demo/goods/20190207/1eaa97cbbb3bff8891f94fc2ebcc2ced.jpg', '/public/demo/goods/20190207/thumb_1eaa97cbbb3bff8891f94fc2ebcc2ced.jpg', '/public/demo/goods/20190207/1eaa97cbbb3bff8891f94fc2ebcc2ced.jpg', '/public/demo/goods/20190207/1eaa97cbbb3bff8891f94fc2ebcc2ced.jpg', 255, 1, NULL, 'zh_CN'),
(17, 6, '/public/demo/goods/20190207/1bb0543aa7433fca1e25a06c75ef8f8d.jpg', '/public/demo/goods/20190207/thumb_1bb0543aa7433fca1e25a06c75ef8f8d.jpg', '/public/demo/goods/20190207/1bb0543aa7433fca1e25a06c75ef8f8d.jpg', '/public/demo/goods/20190207/1bb0543aa7433fca1e25a06c75ef8f8d.jpg', 255, 1, NULL, 'zh_CN'),
(18, 6, '/public/demo/goods/20190207/81b235c99ff28f59f6d1f74723de3bef.jpg', '/public/demo/goods/20190207/thumb_81b235c99ff28f59f6d1f74723de3bef.jpg', '/public/demo/goods/20190207/81b235c99ff28f59f6d1f74723de3bef.jpg', '/public/demo/goods/20190207/81b235c99ff28f59f6d1f74723de3bef.jpg', 255, 1, NULL, 'zh_CN'),
(19, 7, '/public/demo/goods/20190207/ac41193ced77f8867f40b331fb6286fe.jpg', '/public/demo/goods/20190207/thumb_ac41193ced77f8867f40b331fb6286fe.jpg', '/public/demo/goods/20190207/ac41193ced77f8867f40b331fb6286fe.jpg', '/public/demo/goods/20190207/ac41193ced77f8867f40b331fb6286fe.jpg', 255, 1, NULL, 'zh_CN'),
(20, 8, '/public/demo/goods/20190207/db5db1718bd131c8bf92da06ac657fea.jpg', '/public/demo/goods/20190207/thumb_db5db1718bd131c8bf92da06ac657fea.jpg', '/public/demo/goods/20190207/db5db1718bd131c8bf92da06ac657fea.jpg', '/public/demo/goods/20190207/db5db1718bd131c8bf92da06ac657fea.jpg', 255, 1, NULL, 'zh_CN'),
(21, 8, '/public/demo/goods/20190207/4b24eaedb431b880978c1617dc948810.jpg', '/public/demo/goods/20190207/thumb_4b24eaedb431b880978c1617dc948810.jpg', '/public/demo/goods/20190207/4b24eaedb431b880978c1617dc948810.jpg', '/public/demo/goods/20190207/4b24eaedb431b880978c1617dc948810.jpg', 255, 1, NULL, 'zh_CN'),
(22, 8, '/public/demo/goods/20190207/b4793d059bbfb5c56537be2d0de9bef8.jpg', '/public/demo/goods/20190207/thumb_b4793d059bbfb5c56537be2d0de9bef8.jpg', '/public/demo/goods/20190207/b4793d059bbfb5c56537be2d0de9bef8.jpg', '/public/demo/goods/20190207/b4793d059bbfb5c56537be2d0de9bef8.jpg', 255, 1, NULL, 'zh_CN');

INSERT INTO `dbshop_goods_in_class` (`goods_id`, `class_id`, `class_state`, `class_goods_sort`, `class_recommend`) VALUES
(1, 1, 1, 255, 0),
(1, 6, 1, 255, 0),
(2, 1, 1, 255, 0),
(2, 6, 1, 255, 0),
(3, 2, 1, 255, 0),
(3, 14, 1, 255, 0),
(4, 3, 1, 255, 0),
(4, 19, 1, 255, 0),
(5, 3, 1, 255, 0),
(5, 18, 1, 255, 0),
(6, 1, 1, 255, 0),
(7, 1, 1, 255, 0),
(7, 8, 1, 255, 0),
(8, 2, 1, 255, 0),
(8, 14, 1, 255, 0),
(6, 30, 1, 255, 0);

INSERT INTO `dbshop_goods_tag` (`tag_id`, `tag_type`, `tag_group_id`, `tag_str`, `tag_sort`, `template_tag`, `show_type`) VALUES
(5, 'index_floor_1', 0, '', 255, 'dbmall', 'pc'),
(6, 'index_floor_2', 0, '', 255, 'dbmall', 'pc'),
(7, 'index_floor_3', 0, '', 255, 'dbmall', 'pc'),
(8, 'index_floor_4', 0, '', 255, 'dbmall', 'pc');

INSERT INTO `dbshop_goods_tag_extend` (`tag_id`, `tag_name`, `language`) VALUES
(5, '1F商品', 'zh_CN'),
(6, '2f商品', 'zh_CN'),
(7, '3f商品', 'zh_CN'),
(8, '4f商品', 'zh_CN');

INSERT INTO `dbshop_goods_tag_in_goods` (`tag_id`, `goods_id`, `tag_goods_sort`) VALUES
(5, 1, 255),
(5, 2, 255),
(5, 3, 255),
(5, 4, 255),
(5, 5, 255),
(5, 6, 255),
(5, 7, 255),
(5, 8, 255),
(6, 5, 255),
(6, 8, 90),
(6, 7, 255),
(6, 3, 100),
(6, 2, 1),
(6, 6, 255),
(6, 4, 255),
(6, 1, 2),
(7, 2, 255),
(7, 7, 1),
(7, 8, 4),
(7, 3, 255),
(7, 6, 2),
(7, 4, 3),
(7, 1, 255),
(7, 5, 255),
(8, 8, 255),
(8, 7, 4),
(8, 3, 255),
(8, 2, 7),
(8, 4, 6),
(8, 6, 255),
(8, 1, 2),
(8, 5, 3);

INSERT INTO `dbshop_goods_usergroup_price` (`goods_id`, `user_group_id`, `goods_color`, `goods_size`, `adv_spec_tag_id`, `goods_user_group_price`) VALUES
(1, 1, '', '', '', '0'),
(2, 1, '', '', '', '0'),
(3, 1, '', '', '', '0'),
(4, 1, '', '', '', '0'),
(5, 1, '', '', '', '0'),
(7, 1, '', '', '', '0'),
(8, 1, '', '', '', '0'),
(6, 1, '', '', '', '0');